id,project_name,start_time,duration(s),cpu_power_consumption(kWh),ram_power_consumption(kWh),power_consumption(kWh),CPU_name,OS
3c4ae2ef-bbcf-425d-950a-41d08d4b7be1,Default project name,2023-10-23 23:12:36,6.588704824447632,1.301013744259464,0.2046427084447941,1.5056564527042582,AMD Ryzen 5 3500U with Radeon Vega Mobile Gfx,Windows
7eeaa4f0-620e-40d3-bf9d-4a0382315031,Default project name,2023-10-23 23:12:55,6.480131149291992,1.0328335431101607,0.2025291946683865,1.2353627377785472,AMD Ryzen 5 3500U with Radeon Vega Mobile Gfx,Windows
28e47ada-bc5b-4930-b449-b1aef2fa0e34,Default project name,2023-10-23 23:13:11,6.229186773300171,1.0397645659920849,0.1891452803823767,1.2289098463744614,AMD Ryzen 5 3500U with Radeon Vega Mobile Gfx,Windows
2845219a-ea5f-4257-a010-cbb7cbff21e8,Default project name,2023-10-23 23:13:26,6.200640916824341,1.3752092729932144,0.1919886968046285,1.5671979697978429,AMD Ryzen 5 3500U with Radeon Vega Mobile Gfx,Windows
ffc5500c-e639-4a27-b5ba-8ca4c70d002e,Default project name,2023-10-23 23:13:41,6.2939293384552,1.261938197702523,0.191600619793121,1.453538817495644,AMD Ryzen 5 3500U with Radeon Vega Mobile Gfx,Windows
1b34d373-d451-4ce9-8a79-ffb2d641a4c8,Default project name,2023-10-23 23:13:56,6.373927354812622,1.2616736651602536,0.1934190749552726,1.4550927401155265,AMD Ryzen 5 3500U with Radeon Vega Mobile Gfx,Windows
3a0582a3-7b2f-45e4-9b43-4cc2404bf991,Default project name,2023-10-23 23:14:11,6.269406318664551,2.0419249268298363,0.1911275881435585,2.233052514973395,AMD Ryzen 5 3500U with Radeon Vega Mobile Gfx,Windows
dd8f4db7-4bf9-4381-bb34-e78816422f90,Default project name,2023-10-23 23:14:26,6.186770677566528,1.4261562041785865,0.1907600956060378,1.6169162997846245,AMD Ryzen 5 3500U with Radeon Vega Mobile Gfx,Windows
992e24d9-36f8-4bfb-9f37-d6731221647c,Default project name,2023-10-23 23:14:41,6.186910390853882,1.2075205246981988,0.1883876892370608,1.3959082139352597,AMD Ryzen 5 3500U with Radeon Vega Mobile Gfx,Windows
a332486d-e0c3-4680-abc9-50b973ff86f8,Default project name,2023-10-23 23:14:56,6.2183518409729,1.3278671976963672,0.1914526482676137,1.519319845963981,AMD Ryzen 5 3500U with Radeon Vega Mobile Gfx,Windows
4231fbac-315a-4abf-a41d-41ef97dcf743,Default project name,2023-10-23 23:15:11,6.225642204284668,1.0209917651412863,0.1905840698840393,1.2115758350253258,AMD Ryzen 5 3500U with Radeon Vega Mobile Gfx,Windows
41ab618c-420b-489e-82c4-723ccaea290d,Default project name,2023-10-23 23:15:26,6.074016571044922,1.421237522804431,0.188528260620842,1.609765783425273,AMD Ryzen 5 3500U with Radeon Vega Mobile Gfx,Windows
e025be39-d3bd-4e53-8860-bc3470a1f244,Default project name,2023-10-23 23:15:41,6.044325828552246,1.4664930435059234,0.1872435725113063,1.6537366160172298,AMD Ryzen 5 3500U with Radeon Vega Mobile Gfx,Windows
49727719-0814-4bb4-8821-5685b84e70c4,Default project name,2023-10-23 23:15:56,6.108084440231323,1.177515940270352,0.1889587319046768,1.3664746721750287,AMD Ryzen 5 3500U with Radeon Vega Mobile Gfx,Windows
e58a6f49-3d26-476f-a221-72fca54450fa,Default project name,2023-10-23 23:16:11,6.403979301452637,1.4977369151205353,0.1915888578196245,1.6893257729401598,AMD Ryzen 5 3500U with Radeon Vega Mobile Gfx,Windows
d6775664-a835-4e1d-b771-bc0572d07369,Default project name,2023-10-23 23:16:26,6.375442028045654,1.7343979116456207,0.1992130982210938,1.9336110098667143,AMD Ryzen 5 3500U with Radeon Vega Mobile Gfx,Windows
011ef851-0f91-45fe-b54c-5caca587b2f2,Default project name,2023-10-23 23:16:41,6.262114524841309,1.3601944668255452,0.1926491661390628,1.552843632964608,AMD Ryzen 5 3500U with Radeon Vega Mobile Gfx,Windows
8cdad661-8cf4-49f8-a2bc-38403d645fd7,Default project name,2023-10-23 23:16:56,6.713661670684815,1.4834999005872642,0.2097425424074117,1.693242442994676,AMD Ryzen 5 3500U with Radeon Vega Mobile Gfx,Windows
18218320-7141-4083-ad84-ad309908e718,Default project name,2023-10-23 23:17:12,6.50383186340332,1.894143535956361,0.2006575339792107,2.0948010699355715,AMD Ryzen 5 3500U with Radeon Vega Mobile Gfx,Windows
687f3466-b1b6-4d93-953a-3234cb5d00ef,Default project name,2023-10-23 23:17:27,6.301564693450928,1.518230935794861,0.1961333638246287,1.7143642996194897,AMD Ryzen 5 3500U with Radeon Vega Mobile Gfx,Windows
694628fd-9ae0-464d-8ff4-f77895994533,Default project name,2023-10-23 23:17:43,6.435560703277588,1.2468297803013997,0.1991627748180917,1.4459925551194914,AMD Ryzen 5 3500U with Radeon Vega Mobile Gfx,Windows
666e17dd-af0c-4ac3-acff-794cab8487bf,Default project name,2023-10-23 23:17:58,6.263355731964111,1.8192915389341184,0.1944765525809089,2.013768091515028,AMD Ryzen 5 3500U with Radeon Vega Mobile Gfx,Windows
41a15c86-9f6d-48c5-a81f-04eb0b0a2eec,Default project name,2023-10-23 23:18:13,6.321967840194702,2.808651585454752,0.1944484108171309,3.003099996271883,AMD Ryzen 5 3500U with Radeon Vega Mobile Gfx,Windows
87625736-4260-43a0-953d-105415b7ad6d,Default project name,2023-10-23 23:18:28,6.204989671707153,1.4677173199986049,0.1939718870138449,1.6616892070124498,AMD Ryzen 5 3500U with Radeon Vega Mobile Gfx,Windows
1276fb0f-2139-4422-9316-04f8d36322f0,Default project name,2023-10-23 23:18:43,6.386896133422852,1.0046539768943272,0.1960054603733851,1.2006594372677124,AMD Ryzen 5 3500U with Radeon Vega Mobile Gfx,Windows
b276511c-9fd1-410a-9015-60423e503b77,Default project name,2023-10-23 23:18:58,6.300113677978516,1.2753454769927484,0.19654558339289,1.4718910603856383,AMD Ryzen 5 3500U with Radeon Vega Mobile Gfx,Windows
2dc8d1a4-a9b8-45d2-8cda-c7fbfd8d122f,Default project name,2023-10-23 23:19:13,6.333992004394531,1.2405932536665665,0.1917079139166162,1.4323011675831825,AMD Ryzen 5 3500U with Radeon Vega Mobile Gfx,Windows
c16e8e7a-457f-4472-8759-dcbec0714af2,Default project name,2023-10-23 23:19:28,6.291030168533325,1.5121545888325982,0.1959039916742994,1.7080585805068975,AMD Ryzen 5 3500U with Radeon Vega Mobile Gfx,Windows
e0757ccd-9ade-4055-a2ec-0ff779b02e92,Default project name,2023-10-23 23:19:44,6.372938394546509,1.5177112416217209,0.1926224567472445,1.7103336983689654,AMD Ryzen 5 3500U with Radeon Vega Mobile Gfx,Windows
f70d2a4c-b60a-4db0-9e51-f3be1e14d082,Default project name,2023-10-23 23:19:59,6.753976821899414,1.412280318538066,0.2128107377461674,1.6250910562842336,AMD Ryzen 5 3500U with Radeon Vega Mobile Gfx,Windows
94155e1f-410a-4c27-b626-4e9daf12690f,Default project name,2023-10-23 23:20:14,6.30456805229187,1.3906386948323173,0.1918894196041947,1.582528114436512,AMD Ryzen 5 3500U with Radeon Vega Mobile Gfx,Windows
8ea33ccc-c2f2-4fc9-9b15-71fe1f3a6a57,Default project name,2023-10-23 23:20:30,6.1187896728515625,0.972412894975524,0.1879011316196966,1.1603140265952203,AMD Ryzen 5 3500U with Radeon Vega Mobile Gfx,Windows
f54bee85-e28f-41e2-a8ff-ae3a16ca2a20,Default project name,2023-10-23 23:20:44,6.260801076889038,1.5431723046826908,0.1913403201165238,1.7345126247992146,AMD Ryzen 5 3500U with Radeon Vega Mobile Gfx,Windows
4ddc6a9e-f2d5-4ea0-a9ee-540fe7594499,Default project name,2023-10-23 23:20:59,6.276516675949097,1.4604140521617472,0.1925469793677621,1.6529610315295094,AMD Ryzen 5 3500U with Radeon Vega Mobile Gfx,Windows
e7951603-7acc-485e-b020-3297b0d958d2,Default project name,2023-10-23 23:21:15,6.171626806259155,0.8902068031821284,0.1877185000221288,1.0779253032042573,AMD Ryzen 5 3500U with Radeon Vega Mobile Gfx,Windows
ff2482c5-2ff4-41ef-b95b-3c356426160a,Default project name,2023-10-23 23:21:29,6.0790183544158936,0.9615736752856968,0.1866307543359653,1.1482044296216622,AMD Ryzen 5 3500U with Radeon Vega Mobile Gfx,Windows
6306d826-3d1c-42ba-9f29-64fbf1b4cb4a,Default project name,2023-10-23 23:21:44,6.103594303131104,1.0576750401314243,0.1857599145445192,1.2434349546759438,AMD Ryzen 5 3500U with Radeon Vega Mobile Gfx,Windows
a1873968-8c27-4378-a52e-12cbe79593a6,Default project name,2023-10-23 23:21:59,6.173185586929321,1.1734420360417417,0.1896352873558271,1.3630773233975688,AMD Ryzen 5 3500U with Radeon Vega Mobile Gfx,Windows
5c3fe8d6-b9de-4631-bb17-5109f94d9c2a,Default project name,2023-10-23 23:22:14,6.158801555633545,1.389837774230016,0.1882614056783041,1.5780991799083202,AMD Ryzen 5 3500U with Radeon Vega Mobile Gfx,Windows
28ef5920-2d82-4a30-a78f-836750a415f0,Default project name,2023-10-23 23:22:29,6.0774922370910645,1.1094025285226607,0.1865652988460624,1.2959678273687232,AMD Ryzen 5 3500U with Radeon Vega Mobile Gfx,Windows
3f229070-d7b4-4858-bdad-7b760ce5c889,Default project name,2023-10-23 23:22:44,6.433878660202026,1.268813054549503,0.1872915680139613,1.4561046225634644,AMD Ryzen 5 3500U with Radeon Vega Mobile Gfx,Windows
b5c71096-c0fa-405b-af3f-0e0657bf5cba,Default project name,2023-10-23 23:22:59,6.161410570144653,1.26916393425966,0.18778497741323,1.4569489116728902,AMD Ryzen 5 3500U with Radeon Vega Mobile Gfx,Windows
48d2e978-78db-4204-ac0f-3acbe1fe8949,Default project name,2023-10-23 23:23:14,6.292917251586914,1.5439077934839396,0.1913769487127865,1.735284742196726,AMD Ryzen 5 3500U with Radeon Vega Mobile Gfx,Windows
24b4c936-fb54-4873-ac73-c7061bea50f2,Default project name,2023-10-23 23:23:29,6.1646409034729,1.3583008244451644,0.1887389115830728,1.5470397360282373,AMD Ryzen 5 3500U with Radeon Vega Mobile Gfx,Windows
1e00c475-e86c-4247-89b1-28cba5b8b5cc,Default project name,2023-10-23 23:23:43,6.138043403625488,1.2340413205591865,0.1862616709377107,1.4203029914968972,AMD Ryzen 5 3500U with Radeon Vega Mobile Gfx,Windows
7f06a1a7-7af1-48d9-885f-4e1ac23c315b,Default project name,2023-10-23 23:23:58,6.137499094009399,2.137799272853109,0.1884887962489756,2.326288069102085,AMD Ryzen 5 3500U with Radeon Vega Mobile Gfx,Windows
5c35b4ad-5f1c-40d0-b846-99bf78117eff,Default project name,2023-10-23 23:24:13,6.085647821426392,1.4783541918375227,0.1857488770456257,1.6641030688831484,AMD Ryzen 5 3500U with Radeon Vega Mobile Gfx,Windows
d3dc36a8-4803-4b55-b1eb-da38b2221289,Default project name,2023-10-23 23:24:27,5.9799964427948,1.1715760817255645,0.1824879573487123,1.3540640390742769,AMD Ryzen 5 3500U with Radeon Vega Mobile Gfx,Windows
95f01a9f-6a41-4127-b8a2-72372a0b4b41,Default project name,2023-10-23 23:24:42,6.08775806427002,1.1617168856493425,0.184603257092931,1.3463201427422733,AMD Ryzen 5 3500U with Radeon Vega Mobile Gfx,Windows
02ab1c55-bac7-46a1-afb1-f936efd591b8,Default project name,2023-10-23 23:24:56,6.08856201171875,1.1978488117559845,0.1841876254434282,1.3820364371994127,AMD Ryzen 5 3500U with Radeon Vega Mobile Gfx,Windows
91278f56-bb7c-45f5-885b-49b8f7383929,Default project name,2023-10-23 23:25:11,6.0404582023620605,1.0484117915035704,0.1832014167666784,1.231613208270249,AMD Ryzen 5 3500U with Radeon Vega Mobile Gfx,Windows
0968d2ae-ac7a-42fe-ad9e-6aa63564d40c,Default project name,2023-10-23 23:25:26,6.081222057342529,1.383799062958848,0.1849740726952404,1.5687731356540886,AMD Ryzen 5 3500U with Radeon Vega Mobile Gfx,Windows
0be4c2f9-d23e-4d8e-89e1-86e7e1dfa98f,Default project name,2023-10-23 23:25:40,6.0463292598724365,2.3975668930776064,0.1836761827607915,2.581243075838398,AMD Ryzen 5 3500U with Radeon Vega Mobile Gfx,Windows
b8af3db4-824f-474b-bf6c-9c4c036601b3,Default project name,2023-10-23 23:25:55,6.030061960220337,1.1468064627446954,0.1835072658118406,1.330313728556536,AMD Ryzen 5 3500U with Radeon Vega Mobile Gfx,Windows
39c38858-0c7d-4bb0-b275-7d39fffa40bb,Default project name,2023-10-23 23:26:10,6.178940057754517,1.8614923030359347,0.1891769689660805,2.050669272002015,AMD Ryzen 5 3500U with Radeon Vega Mobile Gfx,Windows
5e8abe2d-9bf4-4499-81fe-25a02cb1cd64,Default project name,2023-10-23 23:26:24,6.074134349822998,0.8112848110818299,0.1846305980316174,0.9959154091134472,AMD Ryzen 5 3500U with Radeon Vega Mobile Gfx,Windows
e60c4355-89ed-4596-9cf0-3725c4bcce51,Default project name,2023-10-23 23:26:39,6.110620975494385,1.1541696525066851,0.1853276074946279,1.339497260001313,AMD Ryzen 5 3500U with Radeon Vega Mobile Gfx,Windows
1abaf3ee-8aa9-494e-8f08-1582f9e89e7b,Default project name,2023-10-23 23:26:54,6.277415990829468,1.1776372639115409,0.1901847879883007,1.3678220518998414,AMD Ryzen 5 3500U with Radeon Vega Mobile Gfx,Windows
ff95e190-1c30-4033-be53-530d6d502e9d,Default project name,2023-10-23 23:27:09,6.159799098968506,1.5084612121402432,0.1888244511508219,1.6972856632910651,AMD Ryzen 5 3500U with Radeon Vega Mobile Gfx,Windows
007f654e-1bff-4f6f-8ce5-ad681d43d5a3,Default project name,2023-10-23 23:27:23,6.127820730209351,1.3639641284108166,0.1846236708729521,1.5485877992837689,AMD Ryzen 5 3500U with Radeon Vega Mobile Gfx,Windows
b8babf56-8abc-4dfd-b4e1-ffb0b8ffdb8e,Default project name,2023-10-23 23:27:38,6.099719047546387,1.1189110765895736,0.1872384739669997,1.3061495505565732,AMD Ryzen 5 3500U with Radeon Vega Mobile Gfx,Windows
e16248f4-7aa1-4196-b5df-7fb11ad2150e,Default project name,2023-10-23 23:27:53,6.062788248062134,1.3784120221867389,0.1857438681668099,1.5641558903535489,AMD Ryzen 5 3500U with Radeon Vega Mobile Gfx,Windows
ebd5bcaf-0164-4bb0-af1b-84b60c923601,Default project name,2023-10-23 23:28:07,6.0140650272369385,1.222410926887323,0.1843757773997367,1.4067867042870597,AMD Ryzen 5 3500U with Radeon Vega Mobile Gfx,Windows
af6f5d6f-1b7c-4f7a-80bf-24549746588f,Default project name,2023-10-23 23:28:22,6.026804447174072,2.1201181789097863,0.1837109319751561,2.3038291108849425,AMD Ryzen 5 3500U with Radeon Vega Mobile Gfx,Windows
1c5e8476-453e-4644-a4f7-0b0040887e4d,Default project name,2023-10-23 23:28:36,5.877875804901123,0.8303855559557171,0.1790973941347147,1.009482950090432,AMD Ryzen 5 3500U with Radeon Vega Mobile Gfx,Windows
21e4c232-0590-4978-8bfc-42e7d0a03524,Default project name,2023-10-23 23:28:50,5.8948142528533936,0.8205206494914734,0.1798794614076087,1.000400110899082,AMD Ryzen 5 3500U with Radeon Vega Mobile Gfx,Windows
88c3e29e-b8cb-473f-8852-dde64cf7504c,Default project name,2023-10-23 23:29:05,5.982261657714844,1.0464636066198487,0.1797599364755342,1.226223543095383,AMD Ryzen 5 3500U with Radeon Vega Mobile Gfx,Windows
b5ea58d7-7b14-4ad9-8b4a-6c9c138eaea6,Default project name,2023-10-23 23:29:20,5.953921556472778,1.0922362392776268,0.1808210313002973,1.2730572705779242,AMD Ryzen 5 3500U with Radeon Vega Mobile Gfx,Windows
510f4c1e-3368-4a7d-ad6d-146169dc993a,Default project name,2023-10-23 23:29:34,6.003787040710449,1.1739553514799137,0.1810477614280898,1.3550031129080031,AMD Ryzen 5 3500U with Radeon Vega Mobile Gfx,Windows
45c858d5-ea4e-4a32-8e5e-42641e44321d,Default project name,2023-10-23 23:29:49,6.036598205566406,1.7571236836685489,0.1831016206576805,1.9402253043262288,AMD Ryzen 5 3500U with Radeon Vega Mobile Gfx,Windows
a4efb189-a3de-4e7a-9b6d-5e1110552715,Default project name,2023-10-23 23:30:03,6.0537614822387695,1.098740134459657,0.1841478068399737,1.2828879412996308,AMD Ryzen 5 3500U with Radeon Vega Mobile Gfx,Windows
a3b3c2eb-2412-4510-bf88-0bd0aedf45ec,Default project name,2023-10-23 23:30:18,6.074004411697388,1.507974325782098,0.1862605674944007,1.6942348932764986,AMD Ryzen 5 3500U with Radeon Vega Mobile Gfx,Windows
a57bd24d-750d-4182-a92d-d51615053735,Default project name,2023-10-23 23:30:33,5.870754718780518,1.1602925945726907,0.1797539448461975,1.3400465394188883,AMD Ryzen 5 3500U with Radeon Vega Mobile Gfx,Windows
317c08b4-1f37-4a37-91fc-c68be7cd3927,Default project name,2023-10-23 23:30:47,5.996154069900513,1.3750427854826492,0.180749240327259,1.5557920258099085,AMD Ryzen 5 3500U with Radeon Vega Mobile Gfx,Windows
c6cca34c-0f73-403c-b0ac-7c7ebbd2054d,Default project name,2023-10-23 23:31:02,6.649528503417969,1.6703502275162851,0.2056623736070832,1.8760126011233684,AMD Ryzen 5 3500U with Radeon Vega Mobile Gfx,Windows
bc0459ac-9ad4-4ed3-9d4e-bb722849263b,Default project name,2023-10-23 23:31:17,6.40259575843811,1.192037349195733,0.1963412904469805,1.3883786396427136,AMD Ryzen 5 3500U with Radeon Vega Mobile Gfx,Windows
403a5313-a86e-40c0-ae5f-3875087ac6a8,Default project name,2023-10-23 23:31:32,6.416046857833862,1.485382246795764,0.195837573951394,1.681219820747158,AMD Ryzen 5 3500U with Radeon Vega Mobile Gfx,Windows
7649f5f2-88a7-412c-8658-56f182ae0aa3,Default project name,2023-10-23 23:31:48,6.269311904907227,1.2036281592404412,0.1945297973888955,1.3981579566293367,AMD Ryzen 5 3500U with Radeon Vega Mobile Gfx,Windows
a0db7b40-80f2-465c-a49c-8f0de8ce4d55,Default project name,2023-10-23 23:32:03,6.120151042938232,1.4029583524317657,0.1869778454674815,1.589936197899247,AMD Ryzen 5 3500U with Radeon Vega Mobile Gfx,Windows
842b9a16-a628-4e34-9f94-2a42a27aa38e,Default project name,2023-10-23 23:32:17,6.096304416656494,1.184077145159539,0.1870828381142928,1.371159983273832,AMD Ryzen 5 3500U with Radeon Vega Mobile Gfx,Windows
6a22b8ea-8b59-4af3-835a-e9d1d957ef59,Default project name,2023-10-23 23:32:32,5.91929817199707,1.2303976962517935,0.1816114758150888,1.4120091720668826,AMD Ryzen 5 3500U with Radeon Vega Mobile Gfx,Windows
089f25aa-bdc2-4ef5-8353-e9bd8b4fc4a0,Default project name,2023-10-23 23:32:47,6.068088531494141,1.4969747686585708,0.1861912707170176,1.6831660393755885,AMD Ryzen 5 3500U with Radeon Vega Mobile Gfx,Windows
258aea81-7163-4f5b-9337-dad58aceedd3,Default project name,2023-10-23 23:33:01,6.053436756134033,1.5303757245593577,0.1855100021240332,1.715885726683391,AMD Ryzen 5 3500U with Radeon Vega Mobile Gfx,Windows
98f1dbc1-2b1d-45b4-a012-265e6c3350f9,Default project name,2023-10-23 23:33:16,6.122876167297363,1.4709914296378706,0.1880716751803674,1.659063104818238,AMD Ryzen 5 3500U with Radeon Vega Mobile Gfx,Windows
929f3054-985c-48ad-b9b5-cac1beae2d2e,Default project name,2023-10-23 23:33:30,5.985476970672607,1.370316265917478,0.1823887287637262,1.5527049946812042,AMD Ryzen 5 3500U with Radeon Vega Mobile Gfx,Windows
68066210-70f7-449e-b316-8a535a5b7140,Default project name,2023-10-23 23:33:45,5.999168634414673,1.671072178465569,0.1830580089023214,1.8541301873678904,AMD Ryzen 5 3500U with Radeon Vega Mobile Gfx,Windows
f602b0ed-3716-4c7c-9cb3-106a9ecd72c0,Default project name,2023-10-23 23:33:59,5.955056428909302,2.810719406403192,0.1836085758134231,2.994327982216616,AMD Ryzen 5 3500U with Radeon Vega Mobile Gfx,Windows
bd06b22f-6596-4484-82c5-c0898d96a5e6,Default project name,2023-10-23 23:34:14,5.97629714012146,1.104211327201879,0.183888099163596,1.288099426365475,AMD Ryzen 5 3500U with Radeon Vega Mobile Gfx,Windows
c09006e7-04b4-41b1-a524-220cbdff1b6d,Default project name,2023-10-23 23:34:28,5.929244756698608,1.7941541932293514,0.1824463961214633,1.9766005893508147,AMD Ryzen 5 3500U with Radeon Vega Mobile Gfx,Windows
d7b3e810-00eb-4816-8dbf-6bb9d8bc6b8b,Default project name,2023-10-23 23:34:43,6.010632991790772,1.435319961432093,0.1829745986971147,1.6182945601292078,AMD Ryzen 5 3500U with Radeon Vega Mobile Gfx,Windows
233bdfe1-c6b3-487e-96d2-b21ad3876c2f,Default project name,2023-10-23 23:34:59,6.227254390716553,1.4592933101410868,0.1915140464017213,1.650807356542808,AMD Ryzen 5 3500U with Radeon Vega Mobile Gfx,Windows
0f28b029-938c-48ec-927c-9cc968dc14e1,Default project name,2023-10-23 23:35:13,6.198435783386231,1.3065846673293218,0.1903137597045088,1.4968984270338306,AMD Ryzen 5 3500U with Radeon Vega Mobile Gfx,Windows
33fe5a4e-38b7-44c5-ab69-46ea1bcc7b67,Default project name,2023-10-23 23:35:28,6.154327154159546,2.8363376233017474,0.1906720142278573,3.0270096375296047,AMD Ryzen 5 3500U with Radeon Vega Mobile Gfx,Windows
8b8f8385-86f2-4971-9aa6-f9dd010c8bd1,Default project name,2023-10-23 23:35:43,6.332601547241211,1.7735534331917286,0.1945952731712168,1.9681487063629453,AMD Ryzen 5 3500U with Radeon Vega Mobile Gfx,Windows
8cd21955-5185-4bb8-8b08-aaffbe371c1f,Default project name,2023-10-23 23:35:58,6.171548128128052,1.500791243762683,0.1901311242335168,1.6909223679961998,AMD Ryzen 5 3500U with Radeon Vega Mobile Gfx,Windows
368c7f0e-aeac-4236-bc71-9f3e7e6baf2f,Default project name,2023-10-23 23:36:12,6.0816810131073,1.0902455423183592,0.1850495795447386,1.275295121863098,AMD Ryzen 5 3500U with Radeon Vega Mobile Gfx,Windows
86684d67-93e0-4f1b-aa9c-62917c38f363,Default project name,2023-10-23 23:36:27,6.035235643386841,1.1880108962263578,0.1868721804648885,1.3748830766912463,AMD Ryzen 5 3500U with Radeon Vega Mobile Gfx,Windows
f2ef879c-2854-47a9-bd01-8954a307ad1b,Default project name,2023-10-23 23:36:41,6.0821075439453125,0.9364529674105836,0.1872652373285745,1.1237182047391585,AMD Ryzen 5 3500U with Radeon Vega Mobile Gfx,Windows
5c5b5662-72df-4532-888b-7b2f8703385c,Default project name,2023-10-23 23:36:56,6.063364744186401,1.2716172071174303,0.1872644744433955,1.458881681560826,AMD Ryzen 5 3500U with Radeon Vega Mobile Gfx,Windows
2d8e606e-9068-4b0b-99f8-c29a6f90444c,Default project name,2023-10-23 23:37:11,5.923271894454956,1.4393502122289166,0.1807516527400139,1.6201018649689305,AMD Ryzen 5 3500U with Radeon Vega Mobile Gfx,Windows
ecd28768-4a4c-4407-a426-e90f28a4ad9d,Default project name,2023-10-23 23:37:25,6.133920907974243,2.444522331674923,0.1907847508490476,2.635307082523971,AMD Ryzen 5 3500U with Radeon Vega Mobile Gfx,Windows
107179f9-7673-427a-8063-dde2bcea4fa2,Default project name,2023-10-23 23:37:40,6.032168865203857,1.5762253916499456,0.1861729572834747,1.7623983489334203,AMD Ryzen 5 3500U with Radeon Vega Mobile Gfx,Windows
75bf78c3-3fa7-40cd-ba76-c03e96b4900c,Default project name,2023-10-23 23:37:54,6.098222494125366,1.125913034783789,0.1877179094431085,1.3136309442268974,AMD Ryzen 5 3500U with Radeon Vega Mobile Gfx,Windows
f55f74e2-2ec7-477c-a8a7-f2ebd82ffb3a,Default project name,2023-10-23 23:38:09,6.046881437301636,1.094630411304737,0.1865862986621778,1.2812167099669147,AMD Ryzen 5 3500U with Radeon Vega Mobile Gfx,Windows
692772f9-b88b-464f-8621-40821c132620,Default project name,2023-10-23 23:38:23,5.994021892547607,1.0538829285192393,0.1803589003465049,1.2342418288657442,AMD Ryzen 5 3500U with Radeon Vega Mobile Gfx,Windows
bf25252c-4d07-4be3-bab9-111f6ee1f1f8,Default project name,2023-10-23 23:38:38,6.018011331558228,1.824389744655604,0.1837250270375534,2.0081147716931573,AMD Ryzen 5 3500U with Radeon Vega Mobile Gfx,Windows
6d488307-4d33-4979-80cf-15ea24b23f37,Default project name,2023-10-23 23:38:52,5.975861072540283,1.2897021680492964,0.1811237217864345,1.470825889835731,AMD Ryzen 5 3500U with Radeon Vega Mobile Gfx,Windows
e3506ec8-63c3-4bd0-900f-4c794bb42a51,Default project name,2023-10-23 23:39:07,6.02300500869751,1.098471141391393,0.1867039291214496,1.2851750705128426,AMD Ryzen 5 3500U with Radeon Vega Mobile Gfx,Windows
98279d3a-4578-4632-8f38-cd42d123a816,Default project name,2023-10-23 23:39:22,5.944216012954712,1.156839428132198,0.1827610011589513,1.3396004292911494,AMD Ryzen 5 3500U with Radeon Vega Mobile Gfx,Windows
4b42d150-e0fc-4543-a273-0dce7efe3662,Default project name,2023-10-23 23:39:36,6.04186487197876,2.732505875741658,0.1849727664375677,2.917478642179226,AMD Ryzen 5 3500U with Radeon Vega Mobile Gfx,Windows
91be246d-e41b-4e8d-b149-a24b69dc1129,Default project name,2023-10-23 23:39:51,5.957689762115479,1.361848524621782,0.1820967479143291,1.5439452725361111,AMD Ryzen 5 3500U with Radeon Vega Mobile Gfx,Windows
34e9f1ed-814c-4728-93ab-f6f60555fdac,Default project name,2023-10-23 23:40:05,6.143212795257568,1.4953035228727778,0.1869505212816875,1.6822540441544651,AMD Ryzen 5 3500U with Radeon Vega Mobile Gfx,Windows
81db2743-5af7-4307-9275-b8a6cac8834f,Default project name,2023-10-23 23:40:20,5.962960958480835,1.5200277879845476,0.1831863440338565,1.7032141320184042,AMD Ryzen 5 3500U with Radeon Vega Mobile Gfx,Windows
14dccb91-50f0-4777-9e9c-37f6717d9ca0,Default project name,2023-10-23 23:40:34,6.022449016571045,1.5017917296288188,0.1829712862536325,1.6847630158824514,AMD Ryzen 5 3500U with Radeon Vega Mobile Gfx,Windows
da2863a9-242b-4149-ae3a-24c304b62c00,Default project name,2023-10-23 23:40:49,6.028922319412232,1.3690591711466358,0.1867629097500867,1.5558220808967225,AMD Ryzen 5 3500U with Radeon Vega Mobile Gfx,Windows
88a330b7-7b16-4be5-8d32-48274eab50a8,Default project name,2023-10-23 23:41:03,5.962252855300903,1.1140150257555566,0.1834458501502922,1.2974608759058488,AMD Ryzen 5 3500U with Radeon Vega Mobile Gfx,Windows
5e103945-5584-4178-b26e-8d8fb999b04b,Default project name,2023-10-23 23:41:18,6.046471118927002,0.9939255661718424,0.1843227214103535,1.178248287582196,AMD Ryzen 5 3500U with Radeon Vega Mobile Gfx,Windows
088e575b-043a-4e47-89cd-e5d4c0513653,Default project name,2023-10-23 23:41:32,6.042678356170654,1.7273633776901078,0.18561921071705,1.9129825884071576,AMD Ryzen 5 3500U with Radeon Vega Mobile Gfx,Windows
834e7e44-af0b-4858-9f73-dc3dc4d2482c,Default project name,2023-10-23 23:41:47,5.949318647384644,1.0734031884913038,0.1815008115860336,1.2549040000773375,AMD Ryzen 5 3500U with Radeon Vega Mobile Gfx,Windows
7da59836-59b8-48ac-aeb7-70c522024ae8,Default project name,2023-10-23 23:42:01,5.939865350723267,1.330869332480474,0.1815109781985029,1.512380310678977,AMD Ryzen 5 3500U with Radeon Vega Mobile Gfx,Windows
c7ae1dea-ce87-460b-a197-257f91b52088,Default project name,2023-10-23 23:42:16,5.965243577957153,1.144750243377813,0.1827051119474844,1.3274553553252977,AMD Ryzen 5 3500U with Radeon Vega Mobile Gfx,Windows
be500968-3080-406f-91cb-09b7138a5dca,Default project name,2023-10-23 23:42:30,5.970457553863525,1.3370263064379748,0.1842256622212517,1.5212519686592263,AMD Ryzen 5 3500U with Radeon Vega Mobile Gfx,Windows
388b89b1-1fe7-4ac9-801e-fa11d46d1c6d,Default project name,2023-10-23 23:42:45,5.934294939041138,1.2200919667560612,0.1826199263834951,1.4027118931395564,AMD Ryzen 5 3500U with Radeon Vega Mobile Gfx,Windows
3b1c8933-3fd3-4772-a9f1-cb10c5221e8a,Default project name,2023-10-23 23:42:59,5.974567413330078,1.307426351957973,0.1832652584994321,1.490691610457405,AMD Ryzen 5 3500U with Radeon Vega Mobile Gfx,Windows
6447400c-09cc-45c8-b4e6-d275b8821140,Default project name,2023-10-23 23:43:14,6.0790183544158936,1.1736506751057618,0.1859585060145718,1.3596091811203337,AMD Ryzen 5 3500U with Radeon Vega Mobile Gfx,Windows
578a46c5-e307-4040-8295-2bc448c6ba0f,Default project name,2023-10-23 23:43:28,6.007789611816406,1.3071044813961918,0.1859423887426601,1.493046870138852,AMD Ryzen 5 3500U with Radeon Vega Mobile Gfx,Windows
0ed35b87-dde9-4be2-809a-6e8470adc43e,Default project name,2023-10-23 23:43:43,6.815025329589844,2.796376883719785,0.2207802134512348,3.01715709717102,AMD Ryzen 5 3500U with Radeon Vega Mobile Gfx,Windows
7a52d44e-9c30-4fb0-932e-a4ebd916d168,Default project name,2023-10-23 23:43:58,6.058838605880737,2.0630430389229213,0.1883800353248261,2.2514230742477475,AMD Ryzen 5 3500U with Radeon Vega Mobile Gfx,Windows
dff1e684-dbc0-4761-81c3-c68dfc8a2e93,Default project name,2023-10-23 23:44:13,6.036396265029907,1.381957884918828,0.1853553731283454,1.5673132580471734,AMD Ryzen 5 3500U with Radeon Vega Mobile Gfx,Windows
c475e931-ffb0-4ff7-a9bd-ec03f66b0c10,Default project name,2023-10-23 23:44:27,5.938446760177612,0.98663788672161,0.1826017294916937,1.1692396162133036,AMD Ryzen 5 3500U with Radeon Vega Mobile Gfx,Windows
a90db8c1-a315-453a-bf36-5a619d76ce05,Default project name,2023-10-23 23:44:42,5.990494251251221,1.4429518243289483,0.1834801024360785,1.6264319267650271,AMD Ryzen 5 3500U with Radeon Vega Mobile Gfx,Windows
1153c1ca-b27c-452b-9383-d32068ddbfcd,Default project name,2023-10-23 23:44:56,6.1394524574279785,1.267685561242935,0.1892474214710091,1.456932982713944,AMD Ryzen 5 3500U with Radeon Vega Mobile Gfx,Windows
3b6dd60a-fedf-4f6a-b07e-391ff0c32612,Default project name,2023-10-23 23:45:11,6.003275632858276,0.7821621460673657,0.1841295392821393,0.966291685349505,AMD Ryzen 5 3500U with Radeon Vega Mobile Gfx,Windows
322b2db0-67cf-4e82-a7ea-c1875a338afe,Default project name,2023-10-23 23:45:25,6.039999008178711,0.948546824194118,0.1874884951342892,1.1360353193284074,AMD Ryzen 5 3500U with Radeon Vega Mobile Gfx,Windows
82e30871-7657-4c6c-827d-ffb9e73b4f2a,Default project name,2023-10-23 23:45:40,5.968044996261597,0.9341840279146896,0.1836056921849831,1.1177897200996727,AMD Ryzen 5 3500U with Radeon Vega Mobile Gfx,Windows
1dd7870c-f0b8-45d7-8bb3-c6239fd0057e,Default project name,2023-10-23 23:45:54,5.954556465148926,0.7144432114444026,0.183087571449164,0.8975307828935666,AMD Ryzen 5 3500U with Radeon Vega Mobile Gfx,Windows
59c6c19c-a779-4fb7-809e-8b9d24d8b7d7,Default project name,2023-10-23 23:46:09,5.952320098876953,0.9643101201580913,0.1842408584326449,1.1485509785907362,AMD Ryzen 5 3500U with Radeon Vega Mobile Gfx,Windows
837cf823-0b87-41ee-9a8f-b9f6e80a6f15,Default project name,2023-10-23 23:46:24,5.964616775512695,0.8163245404720825,0.1831662952312172,0.9994908357032996,AMD Ryzen 5 3500U with Radeon Vega Mobile Gfx,Windows
3696402c-bd60-4e67-891d-339d353a762a,Default project name,2023-10-23 23:46:38,5.983798503875732,1.0035004242860577,0.1853112171928614,1.188811641478919,AMD Ryzen 5 3500U with Radeon Vega Mobile Gfx,Windows
d7df9ced-5d4e-46a0-bc44-81cdbc20a3da,Default project name,2023-10-23 23:46:53,6.027379035949707,1.3133178504042682,0.1847466943168001,1.4980645447210683,AMD Ryzen 5 3500U with Radeon Vega Mobile Gfx,Windows
5a9d3d69-0472-4e7d-b208-23950eed4e2c,Default project name,2023-10-23 23:47:07,6.086557626724243,1.3314957680180932,0.1897031642611182,1.5211989322792114,AMD Ryzen 5 3500U with Radeon Vega Mobile Gfx,Windows
26b1dd6e-60a9-4136-b52e-f462f9f307cb,Default project name,2023-10-23 23:47:22,6.026614665985107,1.9777817194668488,0.1866938429300262,2.1644755623968748,AMD Ryzen 5 3500U with Radeon Vega Mobile Gfx,Windows
8dbb60d1-3508-4745-b7b4-deb2930bac08,Default project name,2023-10-23 23:47:36,6.002830743789673,0.7954971271940458,0.184963196706235,0.9804603239002808,AMD Ryzen 5 3500U with Radeon Vega Mobile Gfx,Windows
27a932d6-9bb1-442a-b4fd-63c3c4289b8c,Default project name,2023-10-23 23:47:51,6.019125699996948,1.3217219966064553,0.1857888636664029,1.5075108602728582,AMD Ryzen 5 3500U with Radeon Vega Mobile Gfx,Windows
81faaa34-0c9e-4251-9ff4-095c0408c399,Default project name,2023-10-23 23:48:06,5.988803863525391,1.1588015539793577,0.1821811523876704,1.340982706367028,AMD Ryzen 5 3500U with Radeon Vega Mobile Gfx,Windows
377d1662-ca83-4d5b-9a96-bd75e34f2151,Default project name,2023-10-23 23:48:20,5.951971054077148,1.351852629169874,0.183627652362702,1.535480281532576,AMD Ryzen 5 3500U with Radeon Vega Mobile Gfx,Windows
ce586a0b-1335-47ac-9e02-38638b5e3fff,Default project name,2023-10-23 23:48:35,5.954160690307617,1.0938625719348003,0.1820272769467692,1.2758898488815695,AMD Ryzen 5 3500U with Radeon Vega Mobile Gfx,Windows
28fd9ff7-ee76-46cf-a2eb-1f3b59d1f411,Default project name,2023-10-23 23:48:49,5.981319189071655,1.1899925206735924,0.1845299648482523,1.3745224855218448,AMD Ryzen 5 3500U with Radeon Vega Mobile Gfx,Windows
86827e8d-41b7-4921-928a-a73cf3347197,Default project name,2023-10-23 23:49:04,5.898478984832764,1.0485984449369072,0.1818044137975221,1.2304028587344291,AMD Ryzen 5 3500U with Radeon Vega Mobile Gfx,Windows
e107bb76-f64f-471a-923b-babd6eee3a90,Default project name,2023-10-23 23:49:18,5.872612953186035,1.1541451315334534,0.1804224038420443,1.3345675353754978,AMD Ryzen 5 3500U with Radeon Vega Mobile Gfx,Windows
15c3e2bb-5377-4be0-b31d-1e0a2f0d5585,Default project name,2023-10-23 23:49:33,5.933006763458252,1.196193050124721,0.1831972099264476,1.379390260051169,AMD Ryzen 5 3500U with Radeon Vega Mobile Gfx,Windows
d6fec423-f16c-459d-8ce6-eee0c3782d74,Default project name,2023-10-23 23:49:47,5.954523086547852,1.1667873096159906,0.1841029966361702,1.3508903062521609,AMD Ryzen 5 3500U with Radeon Vega Mobile Gfx,Windows
fe3ab9d6-7c13-4e25-900c-d6bbd44a306d,Default project name,2023-10-23 23:50:02,5.985438585281372,1.6082899757129494,0.1834933302061472,1.7917833059190966,AMD Ryzen 5 3500U with Radeon Vega Mobile Gfx,Windows
55cfc9ba-5234-4ae0-991c-dabe03ffeee9,Default project name,2023-10-23 23:50:16,5.925570726394653,0.9851772711015993,0.1808357368518045,1.166013007953404,AMD Ryzen 5 3500U with Radeon Vega Mobile Gfx,Windows
2cf1837b-31f7-44f1-8040-e67aa2eaa69c,Default project name,2023-10-23 23:50:30,5.966983795166016,0.8525277436827869,0.1838559431482735,1.0363836868310603,AMD Ryzen 5 3500U with Radeon Vega Mobile Gfx,Windows
53c14c09-850b-496f-9a50-12457ae3ada9,Default project name,2023-10-23 23:50:45,5.961523771286011,1.01922120474776,0.1827109541445679,1.201932158892328,AMD Ryzen 5 3500U with Radeon Vega Mobile Gfx,Windows
c6752250-8b60-425f-9cb9-27e1076838b7,Default project name,2023-10-23 23:50:59,6.004795789718628,1.1411278831151463,0.1853401037860749,1.3264679869012213,AMD Ryzen 5 3500U with Radeon Vega Mobile Gfx,Windows
a36e8a75-79dd-4cbd-9dbf-cf456644c93b,Default project name,2023-10-23 23:51:14,5.991323709487915,2.174250086731976,0.1842132127458171,2.358463299477793,AMD Ryzen 5 3500U with Radeon Vega Mobile Gfx,Windows
2926bd75-3cef-42ca-a603-fec55cc0207a,Default project name,2023-10-23 23:51:28,5.922183275222778,1.6252059406239563,0.1799038130873214,1.805109753711278,AMD Ryzen 5 3500U with Radeon Vega Mobile Gfx,Windows
42d83070-90c5-46fc-a76a-bbc6c2caddb5,Default project name,2023-10-23 23:51:43,6.611320495605469,1.0183382393071083,0.2076950476002821,1.2260332869073909,AMD Ryzen 5 3500U with Radeon Vega Mobile Gfx,Windows
caa414d0-e523-4649-93af-3ddb9f93307e,Default project name,2023-10-23 23:51:58,6.4536497592926025,1.02149768937505,0.192891364835873,1.214389054210923,AMD Ryzen 5 3500U with Radeon Vega Mobile Gfx,Windows
9b1bae1b-ed2d-4160-99f5-e0d22db047c5,Default project name,2023-10-24 06:55:56,6.98017430305481,2.7458693861457464,0.2104336140945406,2.956303000240287,AMD Ryzen 5 3500U with Radeon Vega Mobile Gfx,Windows
5a505e14-5f12-4af4-b515-cafd029d604f,Default project name,2023-10-24 06:57:11,6.788674354553223,1.6213629140942458,0.2156015866022471,1.836964500696493,AMD Ryzen 5 3500U with Radeon Vega Mobile Gfx,Windows
19b970d3-8c46-4510-9219-9b185766ee50,Default project name,2023-10-24 06:57:58,6.916692495346069,2.8210249806984145,0.2069622321486122,3.0279872128470267,AMD Ryzen 5 3500U with Radeon Vega Mobile Gfx,Windows
688747d3-d15b-4bb9-b12a-811994af2ce5,Default project name,2023-10-24 06:58:14,6.377485036849976,3.054389663809288,0.1846430393761693,3.2390327031854573,AMD Ryzen 5 3500U with Radeon Vega Mobile Gfx,Windows
1541cba5-21c8-4be2-ae74-bad80d58184c,Default project name,2023-10-24 06:58:29,6.4424309730529785,1.7012864969871369,0.1853431915119472,1.886629688499084,AMD Ryzen 5 3500U with Radeon Vega Mobile Gfx,Windows
89299c6b-7204-48f7-97c5-d26dc76576e6,Default project name,2023-10-24 06:58:44,6.2877516746521,2.239766897790727,0.181480622007939,2.421247519798666,AMD Ryzen 5 3500U with Radeon Vega Mobile Gfx,Windows
c9ea2438-be8a-4a2f-b111-c3d7fe80a42c,Default project name,2023-10-24 06:58:59,6.410175561904907,2.932548082520808,0.1873946026593103,3.1199426851801184,AMD Ryzen 5 3500U with Radeon Vega Mobile Gfx,Windows
9e3d6433-76a7-4f83-be9b-812928f2593e,Default project name,2023-10-24 06:59:14,6.250978946685791,2.513070540881758,0.1807075998249274,2.6937781407066854,AMD Ryzen 5 3500U with Radeon Vega Mobile Gfx,Windows
8049d588-7475-4b2e-81db-460ee3b123b9,Default project name,2023-10-24 06:59:29,6.344692230224609,2.6095320129577133,0.184153356869956,2.7936853698276694,AMD Ryzen 5 3500U with Radeon Vega Mobile Gfx,Windows
be5832b6-0dca-4c53-9b26-7ad6b317610d,Default project name,2023-10-24 06:59:44,6.270849704742432,2.2679431625243027,0.1819111738734591,2.449854336397762,AMD Ryzen 5 3500U with Radeon Vega Mobile Gfx,Windows
5c065bb8-e363-4044-80e5-3f6dc232bb87,Default project name,2023-10-24 06:59:59,6.422152996063232,2.3590196095486724,0.1899108070460897,2.548930416594762,AMD Ryzen 5 3500U with Radeon Vega Mobile Gfx,Windows
2fc37b61-8db2-4449-be4f-fd4fc90a6d49,Default project name,2023-10-24 07:00:14,6.092374563217163,1.749324248665563,0.1752359413293334,1.924560189994896,AMD Ryzen 5 3500U with Radeon Vega Mobile Gfx,Windows
f5ba06e5-3084-42c3-83d1-587b9f1da71c,Default project name,2023-10-24 07:00:29,6.143695116043091,2.6920512891127952,0.179719646027479,2.8717709351402743,AMD Ryzen 5 3500U with Radeon Vega Mobile Gfx,Windows
def8b1c2-aaf3-414c-a3e4-c5fb380ba12e,Default project name,2023-10-24 07:00:44,6.140974044799805,1.9477724701814565,0.180248887763355,2.128021357944811,AMD Ryzen 5 3500U with Radeon Vega Mobile Gfx,Windows
be85f2a4-ec66-4d59-b50b-f3768b449f49,Default project name,2023-10-24 07:00:59,6.185728073120117,2.365101556231885,0.1816951842613434,2.546796740493229,AMD Ryzen 5 3500U with Radeon Vega Mobile Gfx,Windows
8b9c2077-1eb3-4feb-86ec-ee2a41ce4782,Default project name,2023-10-24 07:01:14,6.045762538909912,2.1782423053190607,0.1772848174110777,2.3555271227301384,AMD Ryzen 5 3500U with Radeon Vega Mobile Gfx,Windows
ff606312-37f7-4dd5-80ff-776c0f8a8f26,Default project name,2023-10-24 07:01:28,6.040038585662842,1.1510807184919936,0.1758476193676869,1.3269283378596806,AMD Ryzen 5 3500U with Radeon Vega Mobile Gfx,Windows
4d1da300-7de7-4067-88bf-bcf434f1c268,Default project name,2023-10-24 07:01:43,6.7593841552734375,1.4351208187784703,0.2002052127518254,1.6353260315302958,AMD Ryzen 5 3500U with Radeon Vega Mobile Gfx,Windows
4740b67e-7c95-406f-a677-e35eec9a3317,Default project name,2023-10-24 07:01:59,6.246706485748291,2.87108115190429,0.1822104886705347,3.0532916405748245,AMD Ryzen 5 3500U with Radeon Vega Mobile Gfx,Windows
c200c5ff-1e4d-47ba-b1a7-faa7c3e985bb,Default project name,2023-10-24 07:02:14,6.090133666992188,2.2635788439386726,0.1780494469267068,2.4416282908653795,AMD Ryzen 5 3500U with Radeon Vega Mobile Gfx,Windows
36bf1663-54c9-4f2d-821d-f227bb4b75fd,Default project name,2023-10-24 07:02:29,6.115010976791382,1.997107376648277,0.1782707924603528,2.1753781691086296,AMD Ryzen 5 3500U with Radeon Vega Mobile Gfx,Windows
9c617323-1748-4b46-bb80-dfc1d849d9ef,Default project name,2023-10-24 07:02:44,6.411602735519409,3.2177931813270075,0.1893726624984992,3.407165843825507,AMD Ryzen 5 3500U with Radeon Vega Mobile Gfx,Windows
ac58c17e-ce55-4c2b-abf1-21595b29761d,Default project name,2023-10-24 07:02:59,6.273025035858154,1.985723681829417,0.1820961973778594,2.1678198792072765,AMD Ryzen 5 3500U with Radeon Vega Mobile Gfx,Windows
d86b6117-a2f5-48ed-8659-6efe317b2a21,Default project name,2023-10-24 07:03:14,6.189110517501831,2.1064246665353448,0.1809363298425523,2.287360996377897,AMD Ryzen 5 3500U with Radeon Vega Mobile Gfx,Windows
df59e4e4-a5aa-4f9c-b9a8-ae3446186a83,Default project name,2023-10-24 07:03:29,6.299593687057495,2.22542583689146,0.1815675646877252,2.4069934015791854,AMD Ryzen 5 3500U with Radeon Vega Mobile Gfx,Windows
497c051a-a06f-4975-ab8b-57502b8cf483,Default project name,2023-10-24 07:03:44,6.182615756988525,1.984053709850944,0.1799361030773525,2.163989812928296,AMD Ryzen 5 3500U with Radeon Vega Mobile Gfx,Windows
63eb50f0-b4d5-4651-a46d-98d5370fa06c,Default project name,2023-10-24 07:03:59,6.359761953353882,2.225232590043337,0.1861815869142447,2.4114141769575816,AMD Ryzen 5 3500U with Radeon Vega Mobile Gfx,Windows
722ceb5f-9249-4015-b995-b5256f265a63,Default project name,2023-10-24 07:04:14,6.24976658821106,2.3151240622824063,0.1838387863590469,2.498962848641453,AMD Ryzen 5 3500U with Radeon Vega Mobile Gfx,Windows
14f0aea3-4f5a-4ce7-8e0e-e0dcb041cecc,Default project name,2023-10-24 07:04:29,6.577396154403687,1.498114376691719,0.1930507480360574,1.6911651247277766,AMD Ryzen 5 3500U with Radeon Vega Mobile Gfx,Windows
3a0e8d6f-48a0-401d-9848-c4a54ba5e927,Default project name,2023-10-24 07:04:45,7.130512952804565,2.7846049823950785,0.2125922256760759,2.9971972080711544,AMD Ryzen 5 3500U with Radeon Vega Mobile Gfx,Windows
b86c9e2a-ad5d-44e0-ab63-2f67f9d0f642,Default project name,2023-10-24 07:05:01,6.494712114334106,2.0401010028803053,0.1887027743325688,2.228803777212874,AMD Ryzen 5 3500U with Radeon Vega Mobile Gfx,Windows
9f35d010-18c0-4d57-8ff0-38412f43ada4,Default project name,2023-10-24 07:05:16,6.501573085784912,2.668068325424762,0.190431419558763,2.858499744983525,AMD Ryzen 5 3500U with Radeon Vega Mobile Gfx,Windows
3d28d82a-2d2f-4b52-bfe0-b08044a3da02,Default project name,2023-10-24 07:05:32,6.405499696731567,1.7749959947077056,0.1852981176298271,1.9602941123375328,AMD Ryzen 5 3500U with Radeon Vega Mobile Gfx,Windows
6bf70406-9145-4a3f-adc5-d7153a31d210,Default project name,2023-10-24 07:05:47,6.384271621704102,1.896571947268068,0.1862592780967134,2.0828312253647816,AMD Ryzen 5 3500U with Radeon Vega Mobile Gfx,Windows
bb5b558f-f6b9-4c69-9c1a-5d50f383133c,Default project name,2023-10-24 07:06:02,6.301067352294922,1.2250504112471254,0.1847877024185891,1.4098381136657143,AMD Ryzen 5 3500U with Radeon Vega Mobile Gfx,Windows
07d302ef-551b-44b8-b208-4ff9e93df5e3,Default project name,2023-10-24 07:06:17,6.223532676696777,2.998670266461623,0.180653797733612,3.179324064195235,AMD Ryzen 5 3500U with Radeon Vega Mobile Gfx,Windows
bbe4095a-b2dd-4486-8d61-6a03d47a08a5,Default project name,2023-10-24 07:06:32,6.151736259460449,1.1975281164761071,0.1785424132992829,1.37607052977539,AMD Ryzen 5 3500U with Radeon Vega Mobile Gfx,Windows
1d03f90a-adc6-4815-a28f-35bb10fe07db,Default project name,2023-10-24 07:06:47,6.256644487380981,1.7212346173187705,0.1815430959618425,1.9027777132806127,AMD Ryzen 5 3500U with Radeon Vega Mobile Gfx,Windows
f379be65-f789-42df-8140-adc824bb0bc7,Default project name,2023-10-24 07:07:02,6.186620235443115,1.623364654529994,0.1802677840386195,1.803632438568613,AMD Ryzen 5 3500U with Radeon Vega Mobile Gfx,Windows
9dcb55f8-df2c-4d9d-9958-1dc4c3b8005b,Default project name,2023-10-24 07:07:17,6.1795289516448975,1.952749595324364,0.180196766173708,2.132946361498072,AMD Ryzen 5 3500U with Radeon Vega Mobile Gfx,Windows
dd663e17-c1c6-498d-bad8-910ea2a3561e,Default project name,2023-10-24 07:07:31,6.348891735076904,2.340451030452246,0.1846681830011221,2.525119213453368,AMD Ryzen 5 3500U with Radeon Vega Mobile Gfx,Windows
b7122bbf-2e8c-4a7c-9db9-164f4afd540e,Default project name,2023-10-24 07:07:46,6.223158597946167,1.9349795017035896,0.1791408999556552,2.114120401659245,AMD Ryzen 5 3500U with Radeon Vega Mobile Gfx,Windows
450c9a06-0b32-417d-b17d-296d1e78c20a,Default project name,2023-10-24 07:08:01,6.116180658340454,1.274783477705865,0.1790449315500382,1.4538284092559033,AMD Ryzen 5 3500U with Radeon Vega Mobile Gfx,Windows
91aa3d7a-2d58-4071-b7e0-e63bbac9135b,Default project name,2023-10-24 07:08:16,6.267393112182617,1.6218282352606608,0.1823066828660557,1.8041349181267168,AMD Ryzen 5 3500U with Radeon Vega Mobile Gfx,Windows
87445588-2f2b-4297-82d5-f8021aa95991,Default project name,2023-10-24 07:08:31,6.320746660232544,1.91168566684436,0.186599160621995,2.098284827466355,AMD Ryzen 5 3500U with Radeon Vega Mobile Gfx,Windows
27d8a9a7-768a-462a-85ae-7c31be85d585,Default project name,2023-10-24 07:08:46,6.245832920074463,1.6258063129265936,0.1801445630071612,1.8059508759337548,AMD Ryzen 5 3500U with Radeon Vega Mobile Gfx,Windows
893b064f-39c6-4657-a0c2-229b7cef7889,Default project name,2023-10-24 07:09:01,6.120722532272339,1.609799499350245,0.1793592449794232,1.789158744329668,AMD Ryzen 5 3500U with Radeon Vega Mobile Gfx,Windows
a18bfc6f-c1cc-4220-b624-08b01c3e34b0,Default project name,2023-10-24 07:09:16,6.130514144897461,1.6666780064762186,0.1780250328083639,1.8447030392845825,AMD Ryzen 5 3500U with Radeon Vega Mobile Gfx,Windows
0b38ab30-c2c9-4de9-b7d6-beb896f00daa,Default project name,2023-10-24 07:09:30,6.203763246536255,1.8646589454877869,0.1830171812130174,2.047676126700804,AMD Ryzen 5 3500U with Radeon Vega Mobile Gfx,Windows
f1ea37b8-e6e7-4925-9f38-f6b50608df7b,Default project name,2023-10-24 07:09:45,6.244705677032471,2.9273390828650703,0.1806903020460595,3.10802938491113,AMD Ryzen 5 3500U with Radeon Vega Mobile Gfx,Windows
1a9f13e9-188c-4788-a259-3c8d4a547831,Default project name,2023-10-24 07:10:00,6.203848361968994,1.6306591360147664,0.1832170941786444,1.8138762301934108,AMD Ryzen 5 3500U with Radeon Vega Mobile Gfx,Windows
0ce2a63f-eea9-411a-a54c-c2b2e9c4ade2,Default project name,2023-10-24 07:10:15,6.1165313720703125,1.55585521043334,0.1791110490148639,1.7349662594482038,AMD Ryzen 5 3500U with Radeon Vega Mobile Gfx,Windows
295f4d54-c240-4821-a7a4-dd69b866195e,Default project name,2023-10-24 07:10:30,6.175140619277954,3.369574417075489,0.1822326927750737,3.5518071098505626,AMD Ryzen 5 3500U with Radeon Vega Mobile Gfx,Windows
7fc0280f-3535-438f-82cb-c1e60b72448b,Default project name,2023-10-24 07:10:44,6.069088935852051,1.336247295827652,0.17764457873227,1.513891874559922,AMD Ryzen 5 3500U with Radeon Vega Mobile Gfx,Windows
b5b5e99a-722e-4831-a292-ed7834e33498,Default project name,2023-10-24 07:10:59,6.160142660140991,2.4506955531256884,0.1809216436799943,2.6316171968056827,AMD Ryzen 5 3500U with Radeon Vega Mobile Gfx,Windows
f8b85264-1fac-4a93-9958-2526ed0b4573,Default project name,2023-10-24 07:11:14,6.072169303894043,1.5464969715863577,0.1781957154582869,1.7246926870446444,AMD Ryzen 5 3500U with Radeon Vega Mobile Gfx,Windows
78241b4d-58ed-4215-8949-ff22920bdba9,Default project name,2023-10-24 07:11:28,5.982181310653687,1.34014293661781,0.1750551944921881,1.5151981311099982,AMD Ryzen 5 3500U with Radeon Vega Mobile Gfx,Windows
066aa203-9000-4aae-9c2a-bae3f571edfc,Default project name,2023-10-24 07:11:43,6.057328701019287,2.360557956076361,0.1787546334226135,2.5393125894989748,AMD Ryzen 5 3500U with Radeon Vega Mobile Gfx,Windows
865b5df1-fcb0-44f3-837f-2c9591e5ee36,Default project name,2023-10-24 07:11:58,6.10787296295166,2.920833574290732,0.1798554298561612,3.100689004146893,AMD Ryzen 5 3500U with Radeon Vega Mobile Gfx,Windows
48cbf3c1-3d00-46cf-aa29-aa7afd7bca88,Default project name,2023-10-24 07:12:12,5.972833871841431,1.6086766937696564,0.1761433716683313,1.7848200654379878,AMD Ryzen 5 3500U with Radeon Vega Mobile Gfx,Windows
7fa9376b-cae7-4a0c-9ff0-d6dd94ba603b,Default project name,2023-10-24 07:12:27,6.107697486877441,1.286900004842146,0.1795929578526056,1.4664929626947516,AMD Ryzen 5 3500U with Radeon Vega Mobile Gfx,Windows
fcd0c8e8-2cca-41a4-8b49-58d6a27853f8,Default project name,2023-10-24 07:12:42,6.133106470108032,2.347050100750167,0.1809413305877569,2.527991431337924,AMD Ryzen 5 3500U with Radeon Vega Mobile Gfx,Windows
7fb9bb72-2571-4724-b9ea-25b25678911f,Default project name,2023-10-24 07:12:56,6.245645046234131,1.7044403910269763,0.1858211840681178,1.8902615750950944,AMD Ryzen 5 3500U with Radeon Vega Mobile Gfx,Windows
580b2015-4cd4-4b22-940a-24ec48f4bf8f,Default project name,2023-10-24 07:13:11,6.079655885696411,1.2369453334645928,0.1787083544440975,1.4156536879086905,AMD Ryzen 5 3500U with Radeon Vega Mobile Gfx,Windows
1137a539-9e3f-4c32-a6f1-20582f3286ce,Default project name,2023-10-24 07:13:26,6.039494037628174,1.6847945283181505,0.1774678886022229,1.8622624169203728,AMD Ryzen 5 3500U with Radeon Vega Mobile Gfx,Windows
a53ff9b0-343b-4605-8254-ab29064f9213,Default project name,2023-10-24 07:13:40,6.04356575012207,3.0313496437639897,0.179081247138015,3.2104308909020047,AMD Ryzen 5 3500U with Radeon Vega Mobile Gfx,Windows
340e7874-bd89-48c3-869f-cd7ead541977,Default project name,2023-10-24 07:13:55,6.176366329193115,2.795345015638497,0.1815056384070885,2.976850654045585,AMD Ryzen 5 3500U with Radeon Vega Mobile Gfx,Windows
624cdec3-d078-438f-a184-9f8c8efe1127,Default project name,2023-10-24 07:14:10,6.104864835739136,2.510167828240157,0.1807602937935826,2.6909281220337395,AMD Ryzen 5 3500U with Radeon Vega Mobile Gfx,Windows
73ee5e2d-5486-476a-bce4-074870cebce8,Default project name,2023-10-24 07:14:24,6.2107226848602295,3.086073838494196,0.1813143555892793,3.267388194083475,AMD Ryzen 5 3500U with Radeon Vega Mobile Gfx,Windows
b8dd45d7-75e6-4d6a-ab35-e06b5712391c,Default project name,2023-10-24 07:14:39,6.000320672988892,1.367407114275876,0.1784300274891848,1.5458371417650607,AMD Ryzen 5 3500U with Radeon Vega Mobile Gfx,Windows
b30e6737-676b-4a4a-b8ac-163090e43c57,Default project name,2023-10-24 07:14:54,6.074027299880981,1.36459204260027,0.1762401245905493,1.5408321671908194,AMD Ryzen 5 3500U with Radeon Vega Mobile Gfx,Windows
6f90f1d8-a687-4687-a662-79dd8541c56d,Default project name,2023-10-24 07:15:08,6.056397438049316,2.085947848793097,0.1777053106548009,2.263653159447898,AMD Ryzen 5 3500U with Radeon Vega Mobile Gfx,Windows
0c720fff-a940-41da-af56-cad4437b7c60,Default project name,2023-10-24 07:15:23,5.994837760925293,1.419188161501482,0.175273693990789,1.5944618554922712,AMD Ryzen 5 3500U with Radeon Vega Mobile Gfx,Windows
764e865f-0633-4635-a3b6-9fce7a5d3f75,Default project name,2023-10-24 07:15:37,6.00846004486084,1.6078554943131478,0.1759907618463785,1.7838462561595263,AMD Ryzen 5 3500U with Radeon Vega Mobile Gfx,Windows
bdc673b8-0220-4394-9aea-bb3b2c4b0955,Default project name,2023-10-24 07:15:52,6.05327844619751,2.3356665328715454,0.1775594732697527,2.513226006141298,AMD Ryzen 5 3500U with Radeon Vega Mobile Gfx,Windows
8e72d6a1-2f66-4be3-8123-d325a72ed90e,Default project name,2023-10-24 07:16:07,5.996898889541626,1.549898035619501,0.1750923855170185,1.7249904211365192,AMD Ryzen 5 3500U with Radeon Vega Mobile Gfx,Windows
514a6e6a-b659-4021-9013-0929d5449900,Default project name,2023-10-24 07:16:21,6.068329811096191,1.3905323338620397,0.1789537728340064,1.5694861066960462,AMD Ryzen 5 3500U with Radeon Vega Mobile Gfx,Windows
a6804b9f-8b36-44d6-991e-a391a308144e,Default project name,2023-10-24 07:16:36,5.952953338623047,1.3365692588990965,0.173941439945338,1.5105106988444343,AMD Ryzen 5 3500U with Radeon Vega Mobile Gfx,Windows
7caaf8a1-2bc2-49fa-8626-9316314b7c16,Default project name,2023-10-24 07:16:50,6.066772699356079,1.474871347520238,0.1792104479445697,1.6540817954648075,AMD Ryzen 5 3500U with Radeon Vega Mobile Gfx,Windows
7f3511eb-04e1-4722-aa0a-5bd94467ba47,Default project name,2023-10-24 07:17:05,6.018680810928345,1.3776555040660716,0.1762155339959008,1.5538710380619725,AMD Ryzen 5 3500U with Radeon Vega Mobile Gfx,Windows
e7bddcc0-7959-47d7-9d30-c3dfa64cb5f6,Default project name,2023-10-24 07:17:19,5.982008218765259,1.920767764257259,0.1762283712932912,2.09699613555055,AMD Ryzen 5 3500U with Radeon Vega Mobile Gfx,Windows
e78ba184-7df1-4200-82fa-940dff01d5b5,Default project name,2023-10-24 07:17:34,6.102634429931641,2.66888070189621,0.1798943653789138,2.848775067275124,AMD Ryzen 5 3500U with Radeon Vega Mobile Gfx,Windows
199b65f4-b1ac-4eca-8b55-cc15cb1c97e9,Default project name,2023-10-24 07:17:49,6.255575180053711,1.4783324397086592,0.1884265675400911,1.6667590072487504,AMD Ryzen 5 3500U with Radeon Vega Mobile Gfx,Windows
fb9ae9cc-6ea5-4277-8b9b-496542b3b1f9,Default project name,2023-10-24 07:18:03,6.6837451457977295,2.6748619581916127,0.2068315932310724,2.881693551422685,AMD Ryzen 5 3500U with Radeon Vega Mobile Gfx,Windows
1b0e52a5-41f0-445d-85e2-2ca4467f1221,Default project name,2023-10-24 07:18:19,6.447877407073975,2.0524754039842543,0.1953290903946936,2.247804494378948,AMD Ryzen 5 3500U with Radeon Vega Mobile Gfx,Windows
ab11f9d4-6883-49ed-bfb9-4a39d3fc446a,Default project name,2023-10-24 07:18:34,6.438672065734863,2.785774607250954,0.1974475525996695,2.9832221598506234,AMD Ryzen 5 3500U with Radeon Vega Mobile Gfx,Windows
e70b4e4f-27ef-4d5a-8486-142e6bdff8f8,Default project name,2023-10-24 07:18:49,6.400309085845947,1.990846493092763,0.1946671178285441,2.185513610921307,AMD Ryzen 5 3500U with Radeon Vega Mobile Gfx,Windows
6470e139-7d2b-474a-8863-9594ed9cb36e,Default project name,2023-10-24 07:19:04,6.360217332839966,2.9467608070419087,0.1938471370654042,3.140607944107313,AMD Ryzen 5 3500U with Radeon Vega Mobile Gfx,Windows
968aae2d-679d-461b-a4ce-69b82f5c3893,Default project name,2023-10-24 07:19:19,6.291189193725586,2.623293675714357,0.1906271093292844,2.8139207850436416,AMD Ryzen 5 3500U with Radeon Vega Mobile Gfx,Windows
77a5e06d-58e5-426d-9754-e35ea6bce502,Default project name,2023-10-24 07:19:34,6.18714714050293,1.9660222069004905,0.1886679740508725,2.1546901809513628,AMD Ryzen 5 3500U with Radeon Vega Mobile Gfx,Windows
817f8a48-4779-47ff-a921-e76f92bfa12b,Default project name,2023-10-24 07:19:49,6.257111072540283,1.460047645679074,0.1898158225642418,1.649863468243316,AMD Ryzen 5 3500U with Radeon Vega Mobile Gfx,Windows
badf47d8-3cb0-4d29-b17b-7132572876da,Default project name,2023-10-24 07:20:04,6.175122022628784,2.3670695781890267,0.1881899767768118,2.5552595549658386,AMD Ryzen 5 3500U with Radeon Vega Mobile Gfx,Windows
04208414-95e7-4231-8b2d-f777d0e9a25c,Default project name,2023-10-24 07:20:19,6.24229621887207,2.7084424453682,0.1899895522719816,2.8984319976401816,AMD Ryzen 5 3500U with Radeon Vega Mobile Gfx,Windows
88dc1d90-18da-4ac7-9f1d-8c771a44da15,Default project name,2023-10-24 07:20:33,6.257879018783569,1.7543232513499871,0.1919476433076852,1.9462708946576723,AMD Ryzen 5 3500U with Radeon Vega Mobile Gfx,Windows
a500e150-208c-46b5-b61c-ee8d677d9c24,Default project name,2023-10-24 07:20:48,6.274880409240723,1.2080223577110432,0.1918757827378386,1.3998981404488815,AMD Ryzen 5 3500U with Radeon Vega Mobile Gfx,Windows
2c2bb96a-fe8a-4d77-aed2-400847790d05,Default project name,2023-10-24 07:21:03,6.067956209182739,1.4507490923198614,0.1852297346968043,1.6359788270166655,AMD Ryzen 5 3500U with Radeon Vega Mobile Gfx,Windows
e5022822-f20c-48f8-8298-56f11d473888,Default project name,2023-10-24 07:21:18,6.132285118103027,1.3590531767867382,0.1857721281639896,1.544825304950728,AMD Ryzen 5 3500U with Radeon Vega Mobile Gfx,Windows
7001e4f7-b487-49a6-974a-38fa285bfd4b,Default project name,2023-10-24 07:21:32,6.106908082962036,1.4259596838687965,0.1859297059354503,1.6118893898042468,AMD Ryzen 5 3500U with Radeon Vega Mobile Gfx,Windows
0b095cfe-8250-45e2-a15f-db797bce3883,Default project name,2023-10-24 07:21:47,6.17264986038208,1.604651545803288,0.1896419338298756,1.7942934796331635,AMD Ryzen 5 3500U with Radeon Vega Mobile Gfx,Windows
da5b3d08-d2b0-4695-bbc4-15c8456bf498,Default project name,2023-10-24 07:22:02,6.228415012359619,2.5842582425955056,0.1866091407688372,2.770867383364343,AMD Ryzen 5 3500U with Radeon Vega Mobile Gfx,Windows
751213fc-04ca-42f0-90a8-3ef6dfa82d7c,Default project name,2023-10-24 07:22:17,6.081359148025513,1.1652980350059663,0.1838823161401706,1.349180351146137,AMD Ryzen 5 3500U with Radeon Vega Mobile Gfx,Windows
0d423c69-395c-47c3-a9d4-1c2c8600a03b,Default project name,2023-10-24 07:22:31,6.283257961273193,1.4253509947402478,0.1901227020476881,1.615473696787936,AMD Ryzen 5 3500U with Radeon Vega Mobile Gfx,Windows
a31058bc-f6f3-4620-9b00-2cae31ade622,Default project name,2023-10-24 07:22:46,6.12544059753418,1.3299238401295854,0.1841980447169362,1.5141218848465217,AMD Ryzen 5 3500U with Radeon Vega Mobile Gfx,Windows
cb4bb3ea-c0d9-4cc6-9471-bc72b45b30dc,Default project name,2023-10-24 07:23:01,6.183466911315918,2.698484662776765,0.1892967382857477,2.887781401062513,AMD Ryzen 5 3500U with Radeon Vega Mobile Gfx,Windows
f03fc7af-3ee8-4247-9470-9d65c35d4312,Default project name,2023-10-24 07:23:16,6.0063841342926025,0.9506294277110776,0.182296513894471,1.1329259416055488,AMD Ryzen 5 3500U with Radeon Vega Mobile Gfx,Windows
87e9547a-47a7-443c-b9f3-89a596937020,Default project name,2023-10-24 07:23:30,6.157447099685669,1.436673574472719,0.186727048345574,1.6234006228182931,AMD Ryzen 5 3500U with Radeon Vega Mobile Gfx,Windows
4e1d9b6f-9b95-474a-b659-4121e8013608,Default project name,2023-10-24 07:23:45,6.063233613967896,1.3194845442931142,0.1824961707314969,1.5019807150246112,AMD Ryzen 5 3500U with Radeon Vega Mobile Gfx,Windows
6956a4da-094f-4f63-a5d6-b1942d182397,Default project name,2023-10-24 07:24:00,6.168515205383301,1.5477631373339833,0.1854546788138122,1.7332178161477956,AMD Ryzen 5 3500U with Radeon Vega Mobile Gfx,Windows
371db491-cd6b-47a7-963e-0a5cae8800c2,Default project name,2023-10-24 07:24:14,6.070948839187622,2.881883714566565,0.1842037099459048,3.0660874245124696,AMD Ryzen 5 3500U with Radeon Vega Mobile Gfx,Windows
252cbe13-2ed3-452e-b0f2-8945b956a820,Default project name,2023-10-24 07:24:29,6.022940158843994,2.8111340691469,0.1807993368489633,2.9919334059958635,AMD Ryzen 5 3500U with Radeon Vega Mobile Gfx,Windows
53a0c1b3-7c6b-4e99-b74d-f6895207dc10,Default project name,2023-10-24 07:24:43,5.935632228851318,1.182030052021767,0.1790597532517494,1.3610898052735163,AMD Ryzen 5 3500U with Radeon Vega Mobile Gfx,Windows
61f71f53-da69-4ea6-85f1-f2887b893ccc,Default project name,2023-10-24 07:24:58,6.179788112640381,2.772588019046354,0.1861846060535299,2.958772625099884,AMD Ryzen 5 3500U with Radeon Vega Mobile Gfx,Windows
446b64a1-729f-488d-803d-d26aca58c425,Default project name,2023-10-24 07:25:13,6.043942928314209,1.2111960693728838,0.1848328550945552,1.396028924467439,AMD Ryzen 5 3500U with Radeon Vega Mobile Gfx,Windows
53d34674-4e37-4a41-8310-eb8c31b22457,Default project name,2023-10-24 07:25:27,5.983423471450806,2.609151932048036,0.1819325717034416,2.791084503751477,AMD Ryzen 5 3500U with Radeon Vega Mobile Gfx,Windows
758ab0b7-ff1c-4190-a173-7c592e133ad5,Default project name,2023-10-24 07:25:42,5.956724882125855,1.1351548673558685,0.1802082385984249,1.3153631059542934,AMD Ryzen 5 3500U with Radeon Vega Mobile Gfx,Windows
fa48071b-95a0-45b3-97ae-f06c953e62d5,Default project name,2023-10-24 07:25:56,6.037824392318726,1.2075606233611988,0.1805792002871839,1.3881398236483828,AMD Ryzen 5 3500U with Radeon Vega Mobile Gfx,Windows
68007cc7-8f02-417d-bc1b-620ea7f6840c,Default project name,2023-10-24 07:26:11,5.9832024574279785,1.399742188724298,0.1808300858283473,1.5805722745526454,AMD Ryzen 5 3500U with Radeon Vega Mobile Gfx,Windows
db97408b-1242-4126-b9e8-b0e23e788b71,Default project name,2023-10-24 07:26:25,5.97858476638794,1.1316120430959804,0.1807010342313333,1.3123130773273135,AMD Ryzen 5 3500U with Radeon Vega Mobile Gfx,Windows
6b1f5e1c-2f0f-4482-8dbf-4cd31572a74a,Default project name,2023-10-24 07:26:40,6.082722902297974,2.2830117696980827,0.185808850768808,2.4688206204668908,AMD Ryzen 5 3500U with Radeon Vega Mobile Gfx,Windows
7d48f0e9-fb5c-46c4-8c72-6fc35e206b3d,Default project name,2023-10-24 07:26:55,5.998586893081665,1.6257460172284015,0.1819665986249674,1.807712615853369,AMD Ryzen 5 3500U with Radeon Vega Mobile Gfx,Windows
f37f872c-8d0f-4f33-87af-d875144bd281,Default project name,2023-10-24 07:27:09,6.01064133644104,2.079576068014384,0.1837799136910689,2.2633559817054523,AMD Ryzen 5 3500U with Radeon Vega Mobile Gfx,Windows
a3ad11de-20ef-4dc0-aff6-729ee81a42a8,Default project name,2023-10-24 07:27:24,5.9034833908081055,1.311088618760949,0.1784811347583854,1.4895697535193344,AMD Ryzen 5 3500U with Radeon Vega Mobile Gfx,Windows
0bcb40f3-2730-4dab-adac-1cf24af67c4c,Default project name,2023-10-24 07:27:38,6.113483667373657,1.4687600195861836,0.1892580562156353,1.658018075801819,AMD Ryzen 5 3500U with Radeon Vega Mobile Gfx,Windows
de0563f4-743a-4869-b065-e31c0e757b5a,Default project name,2023-10-24 07:27:53,6.004288196563721,1.3439356214077005,0.184880392677428,1.5288160140851283,AMD Ryzen 5 3500U with Radeon Vega Mobile Gfx,Windows
abf8ba2b-b7b3-4ccc-b248-7022441d8bb2,Default project name,2023-10-24 07:28:08,6.032428026199341,1.770356730457747,0.1833785032752075,1.9537352337329543,AMD Ryzen 5 3500U with Radeon Vega Mobile Gfx,Windows
a7f943de-ceb9-45a5-bdab-62b179108ef4,Default project name,2023-10-24 07:28:22,5.980852842330933,2.26902520805168,0.1834801858124137,2.4525053938640937,AMD Ryzen 5 3500U with Radeon Vega Mobile Gfx,Windows
822118c4-82c1-4df6-a41a-270fb608dd85,Default project name,2023-10-24 07:28:37,6.092419862747192,3.220327540831619,0.1861991630223656,3.406526703853985,AMD Ryzen 5 3500U with Radeon Vega Mobile Gfx,Windows
28517122-7c42-4172-8351-b6cafad4c24b,Default project name,2023-10-24 07:28:52,6.067978858947754,1.6613871764400023,0.185875127991494,1.8472623044314964,AMD Ryzen 5 3500U with Radeon Vega Mobile Gfx,Windows
ba795006-5c95-4860-942e-69463af4c32a,Default project name,2023-10-24 07:29:06,6.025896072387695,2.8344999658217924,0.1827660248738993,3.017265990695692,AMD Ryzen 5 3500U with Radeon Vega Mobile Gfx,Windows
2b41bd4c-8eb4-440d-a2e4-638f38db2b48,Default project name,2023-10-24 07:29:21,5.921674966812134,1.3497986100409547,0.1796956549026163,1.529494264943571,AMD Ryzen 5 3500U with Radeon Vega Mobile Gfx,Windows
f133779c-811d-45a2-8d39-718d3ad74a28,Default project name,2023-10-24 07:29:36,5.944028615951538,2.897956016888065,0.1813995787002795,3.0793555955883445,AMD Ryzen 5 3500U with Radeon Vega Mobile Gfx,Windows
bb38483b-68c6-4719-89cd-1efae541348d,Default project name,2023-10-24 07:29:50,6.114145517349243,3.1804282754783224,0.1883333087419032,3.3687615842202256,AMD Ryzen 5 3500U with Radeon Vega Mobile Gfx,Windows
317d8822-7344-4020-9c8f-ba8ad82d83f9,Default project name,2023-10-24 07:30:05,6.078920364379883,1.4166566008683763,0.1865814967293318,1.603238097597708,AMD Ryzen 5 3500U with Radeon Vega Mobile Gfx,Windows
1dd84ea4-3d31-4ab8-9184-7138ab9d37ea,Default project name,2023-10-24 07:30:20,6.175949573516846,1.9790875042953493,0.1852543881560678,2.164341892451417,AMD Ryzen 5 3500U with Radeon Vega Mobile Gfx,Windows
77071699-cc10-4a05-8b55-7864587c9736,Default project name,2023-10-24 07:30:35,6.09674859046936,1.2647359405961875,0.1867431121276013,1.4514790527237889,AMD Ryzen 5 3500U with Radeon Vega Mobile Gfx,Windows
e51ad8d1-c96a-47f1-983c-915c8a1744b0,Default project name,2023-10-24 07:30:50,7.022230386734009,2.1043120030891904,0.1912088909662088,2.2955208940554,AMD Ryzen 5 3500U with Radeon Vega Mobile Gfx,Windows
e21bb0a2-0ddc-4e1b-b991-ded8191da80a,Default project name,2023-10-24 07:31:06,6.25759744644165,2.248626772064869,0.1905470191923086,2.439173791257178,AMD Ryzen 5 3500U with Radeon Vega Mobile Gfx,Windows
a1506b79-a5ce-43cb-946a-3774f75e78c0,Default project name,2023-10-24 07:31:21,6.209375143051148,1.891463794446537,0.1904695858099785,2.0819333802565154,AMD Ryzen 5 3500U with Radeon Vega Mobile Gfx,Windows
8abe60be-c359-4476-b66e-6590d7219dc1,Default project name,2023-10-24 07:31:36,6.238102912902832,2.053507203710164,0.1909525694818512,2.244459773192015,AMD Ryzen 5 3500U with Radeon Vega Mobile Gfx,Windows
ab5f1b35-354f-418b-ab8f-adffab026b84,Default project name,2023-10-24 07:31:51,6.173821210861206,1.7692005703937916,0.19005861437995,1.9592591847737413,AMD Ryzen 5 3500U with Radeon Vega Mobile Gfx,Windows
7155bfd8-72c9-4f3a-bd51-49337937d474,Default project name,2023-10-24 07:32:06,6.189164638519287,1.2773730462416784,0.1895375604981382,1.4669106067398163,AMD Ryzen 5 3500U with Radeon Vega Mobile Gfx,Windows
01197404-5b96-4545-92fd-7852f7cb43ff,Default project name,2023-10-24 07:32:21,6.065375089645386,1.5151850852089055,0.1857913706385261,1.7009764558474316,AMD Ryzen 5 3500U with Radeon Vega Mobile Gfx,Windows
5be0f9a4-2b5b-4326-b426-b20c7e0e3d6b,Default project name,2023-10-24 07:32:36,6.1920037269592285,3.217729039894749,0.1894921522989534,3.4072211921937026,AMD Ryzen 5 3500U with Radeon Vega Mobile Gfx,Windows
c111b4a5-d362-44a3-9bf1-bc93856c90cd,Default project name,2023-10-24 07:32:51,6.0986833572387695,1.397499518007672,0.1874936014053218,1.5849931194129938,AMD Ryzen 5 3500U with Radeon Vega Mobile Gfx,Windows
15566b4a-8f3b-464b-85b8-878f47ac8364,Default project name,2023-10-24 07:33:06,6.294192314147949,3.2124833643308963,0.1936876844474682,3.4061710487783645,AMD Ryzen 5 3500U with Radeon Vega Mobile Gfx,Windows
cc3f3dc4-124b-4162-a66a-9ab6fe4ebbe1,Default project name,2023-10-24 07:33:21,6.1664955615997314,2.635373328983703,0.190016205974075,2.825389534957778,AMD Ryzen 5 3500U with Radeon Vega Mobile Gfx,Windows
b77253f3-8344-4cef-9a1a-25b36da455a9,Default project name,2023-10-24 07:33:36,6.260638475418091,1.4296754642244924,0.1926933024362825,1.622368766660775,AMD Ryzen 5 3500U with Radeon Vega Mobile Gfx,Windows
0b4e9bec-aeee-4730-b858-3a9e7c9cfd94,Default project name,2023-10-24 07:33:51,6.16058349609375,3.212235228351162,0.1901474438470814,3.4023826721982435,AMD Ryzen 5 3500U with Radeon Vega Mobile Gfx,Windows
cd47e3fb-a82b-4901-9217-3e352cafafa0,Default project name,2023-10-24 07:34:06,6.174155235290527,1.5641811568711976,0.1885585483796603,1.752739705250858,AMD Ryzen 5 3500U with Radeon Vega Mobile Gfx,Windows
d9b33492-799c-4711-a7eb-e75dfe1702e7,Default project name,2023-10-24 07:34:20,6.048446893692017,2.556085816282975,0.1861141632909948,2.7421999795739698,AMD Ryzen 5 3500U with Radeon Vega Mobile Gfx,Windows
6b1394d6-ef27-488b-9f5d-4414c6c61e95,Default project name,2023-10-24 07:34:35,6.221975326538086,1.713668902865771,0.1910542632808756,1.9047231661466464,AMD Ryzen 5 3500U with Radeon Vega Mobile Gfx,Windows
8d9ed533-5080-4352-a4d7-ae52bd2b73b7,Default project name,2023-10-24 07:34:50,6.361040592193604,1.9705446011435663,0.1975077912436517,2.168052392387218,AMD Ryzen 5 3500U with Radeon Vega Mobile Gfx,Windows
b5a79895-d5ad-4703-ba33-17e963f07d8d,Default project name,2023-10-24 07:35:05,6.1334147453308105,1.8529515268024928,0.1879652106763387,2.0409167374788315,AMD Ryzen 5 3500U with Radeon Vega Mobile Gfx,Windows
18dd9605-30e4-476d-931e-bb0b2a69f4c5,Default project name,2023-10-24 07:35:20,6.083265781402588,2.832367384835293,0.1862803511494348,3.0186477359847284,AMD Ryzen 5 3500U with Radeon Vega Mobile Gfx,Windows
a6594609-a131-49d8-8788-5329f25ba16c,Default project name,2023-10-24 07:35:35,6.063943386077881,1.5947578325941565,0.1862201107837791,1.7809779433779356,AMD Ryzen 5 3500U with Radeon Vega Mobile Gfx,Windows
0859550e-47c9-4056-a000-edd12a4e4555,Default project name,2023-10-24 07:35:50,6.203190803527832,2.5070492928249046,0.1906832348117859,2.6977325276366906,AMD Ryzen 5 3500U with Radeon Vega Mobile Gfx,Windows
d4807c40-5445-4053-8912-541e363df85a,Default project name,2023-10-24 07:36:05,6.126497507095337,1.6114844829378243,0.1863909220619462,1.7978754049997707,AMD Ryzen 5 3500U with Radeon Vega Mobile Gfx,Windows
f25ccd92-b3ac-4b75-9b15-bcbcacace1c9,Default project name,2023-10-24 07:36:19,6.090695858001709,1.8346206227123687,0.1843711896242439,2.018991812336613,AMD Ryzen 5 3500U with Radeon Vega Mobile Gfx,Windows
d0bf008c-e449-4d12-ace9-86273c8a5d02,Default project name,2023-10-24 07:36:34,6.150219678878784,1.7689529291125556,0.1873384227967562,1.956291351909312,AMD Ryzen 5 3500U with Radeon Vega Mobile Gfx,Windows
e6439c45-5faf-4059-93b1-d7732f93d0d4,Default project name,2023-10-24 07:36:49,6.079626560211182,1.098009289980221,0.1860301363255985,1.2840394263058197,AMD Ryzen 5 3500U with Radeon Vega Mobile Gfx,Windows
158defaf-e5a5-4dc5-ac0e-4b06844d5e63,Default project name,2023-10-24 07:37:03,6.073664665222168,2.055798097705521,0.1838626048902369,2.239660702595758,AMD Ryzen 5 3500U with Radeon Vega Mobile Gfx,Windows
65065c0c-1b11-4db4-a18a-3063e5b88537,Default project name,2023-10-24 07:37:18,5.967236518859863,1.2398753819678083,0.1820691536925096,1.421944535660318,AMD Ryzen 5 3500U with Radeon Vega Mobile Gfx,Windows
8bb52b63-8a4a-4796-9043-6a5bee93017f,Default project name,2023-10-24 12:04:35,13.534509420394896,3.54306306587853,0.3970573087517551,3.940120374630285,AMD Ryzen 5 3500U with Radeon Vega Mobile Gfx,Windows
35620fa2-79f1-4be4-b1ad-32a63930b04b,Default project name,2023-10-24 12:12:18,12.322463989257812,3.141693874297899,0.3660003269455956,3.507694201243494,AMD Ryzen 5 3500U with Radeon Vega Mobile Gfx,Windows
3e0667bb-d7b4-46f3-8b96-34010010a3aa,Default project name,2023-10-24 12:12:43,12.357097148895264,4.054325286479513,0.3687262937091873,4.423051580188701,AMD Ryzen 5 3500U with Radeon Vega Mobile Gfx,Windows
